<?xml version="1.0" encoding="UTF-8"?>
<settings>
	<version>2.06</version>
	<servers>
		<server>
			<index><![CDATA[http://epkg.xtreamer.net/installer/et/index.xml]]></index>
			<epkg><![CDATA[http://epkg.xtreamer.net/installer/et/epkg/]]></epkg>
			<version><![CDATA[http://epkg.xtreamer.net/installer/et/version.xml]]></version>
			<screenshots><![CDATA[http://epkg.xtreamer.net/installer/screenshots/]]></screenshots>
			<logos><![CDATA[http://epkg.xtreamer.net/installer/logos/]]></logos>
		</server>
		<server>
			<index><![CDATA[http://dl.dropbox.com/u/4598877/installer/et/index.xml]]></index>
			<epkg><![CDATA[http://dl.dropbox.com/u/4598877/installer/et/epkg/]]></epkg>
			<version><![CDATA[http://dl.dropbox.com/u/4598877/installer/et/version.xml]]></version>
			<screenshots><![CDATA[http://dl.dropbox.com/u/4598877/installer/screenshots/]]></screenshots>
			<logos><![CDATA[http://dl.dropbox.com/u/4598877/installer/logos/]]></logos>
		</server>
		<server>
			<index><![CDATA[https://dl-web.dropbox.com/get/Share/epkg/index.xml?_subject_uid=227519789&w=AACd3DClugmbFLWiYu50Cp44QIO1yLxbTFu-0Q3GjrvE3A&dl=1]]></index>
			<epkg><![CDATA[https://cloud.mail.ru/public/3fd836f784d9/epkg/]]></epkg>
			<version><![CDATA[https://dl-web.dropbox.com/get/Share/epkg/et/version.xml?_subject_uid=227519789&w=AACsYuT3qpFw8zdc41mx63tBRzdgYIqcmzStkkgtbf5lYg&dl=1]]></version>
			<screenshots><![CDATA[https://cloud.mail.ru/public/3fd836f784d9/epkg/et/screenshots/]]></screenshots>
			<logos><![CDATA[https://cloud.mail.ru/public/3fd836f784d9/epkg/epkg/et/logos/]]></logos>
		</server>
		<server>
			<index><![CDATA[http://192.168.0.100:8000/installer/add/epkg/index.xml]]></index>
			<epkg><![CDATA[http://192.168.0.100:8000/installer/add/epkg/]]></epkg>
			<version><![CDATA[http://192.168.0.100:8000/installer/add/epkg/version.xml]]></version>
			<screenshots><![CDATA[http://192.168.0.100:8000/installer/add/epkg/screenshots/]]></screenshots>
			<logos><![CDATA[http://192.168.0.100:8000/installer/add/epkg/et/logos/]]></logos>
		</server>
		<server>
			<index><![CDATA[http://www.avtomag.url.ph/pages/epkg/et/index.xml]]></index>
			<epkg><![CDATA[http://www.avtomag.url.ph/pages/epkg/]]></epkg>
			<version><![CDATA[http://www.avtomag.url.ph/pages/epkg/et/version.xml]]></version>
			<screenshots><![CDATA[http://www.avtomag.url.ph/pages/epkg/et/screenshots/]]></screenshots>
			<logos><![CDATA[http://www.avtomag.url.ph/pages/epkg/et/logos/]]></logos>
		</server>
	</servers>
	<categories>
		<category>
			<id>1</id>
			<name>Database Tools</name>
			<desc>In this category you can find all sort of mostly web application, that can work with databases, especialy MySQL which you can find preinstalled on your eTRAYz.</desc>
		</category>
		<category>
			<id>2</id>
			<name>Mail Server</name>
			<desc>Here you can find email server and possible clients to access the POP3/IMAP servers.</desc>
		</category>
		<category>
			<id>3</id>
			<name>Photo Gallery</name>
			<desc>All sort of applications that can turn your eTRAYz into a fast and nice looking web galleries to share with your friends or to enjoy watching them yourself.</desc>
		</category>
		<category>
			<id>4</id>
			<name>Online Shop</name>
			<desc>Applications for bussiness oriented web sales shops.</desc>
		</category>
		<category>
			<id>5</id>
			<name>Bulletin Boards</name>
			<desc>Web applications that can turn your eTRAYz into large communities by using CMS or forums software.</desc>
		</category>
		<category>
			<id>6</id>
			<name><![CDATA[P2P & Usenet]]></name>
			<desc>Diffrent kind of downloading applications that can help you with downloading files from usenet, P2P protocols or just plain URL/FTP links.></desc>
		</category>
		<category>
			<id>7</id>
			<name>Torrent</name>
			<desc>Simple to use, nice looking and the best torrent clients you can find working on eTRAYz.</desc>
		</category>
		<category>
			<id>8</id>
			<name>IRC</name>
			<desc>Diffrent applications based on IRC network which our Xtreamer chat is also using.</desc>
		</category>
		<category>
			<id>9</id>
			<name>SqueezeServer</name>
			<desc>The Squeezebox Server for streaming audio and supported by Logitech.</desc>
		</category>
		<category>
			<id>10</id>
			<name><![CDATA[UPnP & DLNA]]></name>
			<desc>Music and video streaming application based on UPnP/DLNA/DAAP protocols that can convert your eTRAYz into a standalone media streaming server used with many other applications and appliances.</desc>
		</category>
		<category>
			<id>11</id>
			<name>Printer/Scanner</name>
			<desc>Tools and application to work with your printers/scanners connected to your eTRAYz USB ports.</desc>
		</category>
		<category>
			<id>12</id>
			<name>Statistic Tools</name>
			<desc>In here you can find applications that gather and proccess all kinds of information from your eTRAYz and show them to you in a understandable way with nice images and "this makes sense" text.</desc>
		</category>
		<category>
			<id>13</id>
			<name><![CDATA[Network & System Tools]]></name>
			<desc>Diffrent kind of software to extend network and system capabilities, secure your eTRAYz or check what he is doing at this very moment.></desc>
		</category>
		<category>
			<id>14</id>
			<name>Audio Tools</name>
			<desc>Here you can find audio libraries mainly used by other applications that take advantage of diffrent codecs or audio encoding/decoding software.</desc>
		</category>
		<category>
			<id>15</id>
			<name>Developer Tools</name>
			<desc>All sort of libraries mostly used by diffrent application.</desc>
		</category>
		<category>
			<id>16</id>
			<name>File Managers</name>
			<desc>In this category you can find application to browse the files and do basic file/folder manipulations like copy, move and delete.</desc>
		</category>
		<category>
			<id>17</id>
			<name>Webcam Tools</name>
			<desc>Since eTRAYz firmware version 1.0.5 you can now use USB webcams with your eTRAYz. Applications inside this category can work with them and turn them into something usefull.</desc>
		</category>
		<category>
			<id>18</id>
			<name>UPS Management</name>
			<desc>Safe shutdown of any hardware is always important for preventing data loss. Having UPS connected to your eTRAYz can provide just that. Together with software inside this category you can manage them and precisly set when your eTRAYz will properly shutdown on power failure.</desc>
		</category>
		<category>
			<id>25</id>
			<name>Others</name>
			<desc>Every that isn't suitable for any other category.</desc>
		</category>
	</categories>
</settings>