<?xml version="1.0" encoding="UTF-8"?>
<rtorrent>
<epkg>
<id>1</id> 
	<category id="1" name="Torrent"></category>
<appname>adminer</appname>
<appname>adminer</appname>
<desc>Simple to use, nice looking and the best torrent clients you can find working on eTRAYz.</desc>

<version added="11.02.2001" installer="no" number="2.3.2" subversion="1" filename="adminer" changelog="32223">
		</version>
<filename>adminer</filename>
<links>
	<link>
	<default launch="">adminer</default>
	<desc>launch</desc>
	<url>http://www.adminer.org/en/</url>
	<user>admin</user>
	<pass>sysadmin</pass>
	</link>
</links>

<comment>cbcv  1</comment>
<changelog>vcbcv</changelog>
<check>cbcvb</check>
<depends>vcbcv</depends>
<process>xcvbcxvb</process>
<install>tar adminer</install>
<start>no</start>
<stop>no</stop>
<restart>no</restart>
<autostart>no</autostart>
<crontab>no</crontab>
<remove>no</remove>
<backup>no</backup>
<backupmysql>yes</backupmysql>
</epkg>

</rtorrent>