<?xml version="1.0" encoding="UTF-8"?>
<fileman>
<epkg>
<id>1</id> 
	<category id="16" name="File Managers"></category>
<appname>File Manager for NMT</appname>
<desc>File manager utility which will be helpful to browse the contents of your eTRAYz</desc>

<version added="" installer="yes" number="1.1.1" subversion="2" filename="fileman_v1.1.1_Beta" changelog="32223"></version>

<filename>fileman_v1.1.1_Beta</filename>
<links>
	<link>
	<default launch="">fileman_v1.1.1_Beta</default>
	<desc>launch</desc>
	<url>http://www.adminer.org/en/</url>
	<user>admin</user>
	<pass>sysadmin</pass>
	</link>
</links>

<comment>cbcv  1</comment>
<changelog>vcbcv</changelog>
<check>cbcvb</check>
<depends>vcbcv</depends>
<process>xcvbcxvb</process>
<install>tar xvfz fileman_v1.1.1_Beta.zip</install>
<start>/home/sysadmin/WWW/fm/daemon.sh start</start>
<stop>yes</stop>
<restart>on</restart>
<autostart>true</autostart>
<crontab>yes</crontab>
<remove>yes</remove>
<backup>yes</backup>
<backupmysql>yes</backupmysql>
</epkg>

</fileman>