<?xml version="1.0" encoding="UTF-8"?>
<index>
<epkg>
<id>1</id> 
	<category id="1" name="Database Tools"></category>
<appname>Adminer</appname>
<appname>Adminer2</appname>
<desc>Adminer (formerly phpMinAdmin) is a full-featured MySQL management tool written in PHP. Conversely to phpMyAdmin, it consist of a single file ready to deploy to the target server.</desc>




<version added="12.12.12" installer="no" number="2.3.2" subversion="1" filename="adminer" changelog="32223">
		</version>
<filename>adminer</filename>
<links>
	<link>
	<default>adminer</default>
	<desc>Adminer (formerly phpMinAdmin) is a full-featured MySQL management tool written in PHP. Conversely to phpMyAdmin, it consist of a single file ready to deploy to the target server.</desc>
	<url>http://www.adminer.org/en/</url>
	<user>admin</user>
	<pass>sysadmin</pass>
	</link>
</links>

<comment>cbcv  1</comment>
<changelog>vcbcv</changelog>
<check>cbcvb</check>
<depends>vcbcv</depends>
<process>xcvbcxvb</process>
<install>no</install>
<start>no</start>
<stop>no</stop>
<restart>no</restart>
<autostart>no</autostart>

</epkg>


<epkg>
<id>2</id> 
	<category id="1" name="Database Tools"></category>
<appname>Adm</appname>
<appname>Adm</appname>
<desc>Adminer (formerly phpMinAdmin) is a full-featured MySQL management tool written in PHP. Conversely to phpMyAdmin, it consist of a single file ready to deploy to the target server.</desc>




<version added="12.12.12" installer="no" number="2.3.2" subversion="1" filename="adminer" changelog="32223">
		</version>
<filename>adminer</filename>
<links>
	<link>
	<default>adminer</default>
	<desc>Adminer (formerly phpMinAdmin) is a full-featured MySQL management tool written in PHP. Conversely to phpMyAdmin, it consist of a single file ready to deploy to the target server.</desc>
	<url>http://www.adminer.org/en/</url>
	<user>admin</user>
	<pass>sysadmin</pass>
	</link>
</links>

<comment>cbcv  1</comment>
<changelog>vcbcv</changelog>
<check>no</check>
<depends>vcbcv</depends>
<process>xcvbcxvb</process>
<install>no</install>
<start>no</start>
<stop>no</stop>
<restart>no</restart>
<autostart>no</autostart>

<crontab>c1cxvcxv</crontab>
<remove>c2xvcxvxc</remove>
<backup>c3xvxcvcx</backup>
<backupmysql>c4xvxcvcx</backupmysql>

</epkg>
</index>